﻿<ImageComposition xsi:noNamespaceSchemaLocation="https://www.skraper.net/ImageComposition.xsd" xmlns:xsi="http://www.w3.org/2001/XMLSchema-instance">
	<Information ShortName="Miyoo Mini Big Zoom" LongName="Miyoo Mini Big Screenshot Zoom" Description="Screenshot and Wheel for Miyoo Mini" Author="AchillesPDX"/>
	<Viewport Color="#00000000" Width="250" Height="360"/>
	<Drawings>
		<Item Type="Screenshot">
			<Display X="50%" Y="100%" Width="1000%" Height="100%" Antialiasing="Medium" Anchor="BottomHCenter" Transparency="0.0"/>
			<Fallback Type="ScreenshotTitle">
				<Fallback Type="SystemWallPaper">
					<Children Reference="Parent">
						<Item Type="Text" Text="No Screenshot!" TextColor="#FFFFFFFF" FontFamilly="Arial" FontStyle="Bold Italic"/>
					</Children>
				</Fallback>
			</Fallback>
		</Item>
		<Item Type="Wheel">
			<Display X="50%" Y="2%" Width="95%" Height="25%" Anchor="TopHCenter" Transparency="100"/>
			<Children Reference="Parent">
				<Item Type="LocalFile" LocalFilePath="BlackGradientShadow_250x360c.png">
					<Display X="50%" Y="105%" Width="300" Height="360" KeepRatio="false" Anchor="VCenterHCenter" Antialiasing="None" Transparency="0"/>
				</Item>
			</Children>
		</Item>
		<Item Type="Wheel" TestOnly="true">
			<Display X="50%" Y="2%" Width="95%" Height="25%" Anchor="TopHCenter" Transparency="100"/>
			<Fallback Type="Text" Text="%name%" TextColor="#FFFFFFFF" FontFile="OpenSans_SemiCondensed-ExtraBoldItalic.ttf" TextAlign="VCenterHCenter" Transparency="100">
				<Children Reference="Parent">
					<Item Type="LocalFile" LocalFilePath="BlackGradientShadow_250x360c.png">
						<Display X="50%" Y="105%" Width="300" Height="360" KeepRatio="false" Anchor="VCenterHCenter" Antialiasing="None" Transparency="0"/>
					</Item>
				</Children>
			</Fallback>
		</Item>
		<Item Type="Wheel">
			<Display X="50%" Y="2%" Width="95%" Height="25%" Anchor="TopHCenter"/>
			<Fallback Type="Text" Text="%name%" TextColor="#FFFFFFFF" FontFile="OpenSans_SemiCondensed-ExtraBoldItalic.ttf" TextAlign="VCenterHCenter"/>
		</Item>
	</Drawings>
</ImageComposition>